{"cameraMode":{"drawMode":0,"name":"Shaded","section":"Shading Mode"},"sceneLighting":true,"audioPlay":false,"sceneViewState":{"m_AlwaysRefresh":false,"showFog":true,"showSkybox":true,"showFlares":true,"showImageEffects":true,"showParticleSystems":true,"showVisualEffectGraphs":true,"m_FxEnabled":true},"in2DMode":false,"pivot":{"x":423.2597961425781,"y":51.25901412963867,"z":164.83824157714845},"rotation":{"x":0.13189145922660829,"y":-0.1227070689201355,"z":0.015568106435239315,"w":0.9836114048957825},"size":462.1297607421875,"orthographic":true}