{"cameraMode":{"drawMode":0,"name":"Shaded","section":"Shading Mode"},"sceneLighting":true,"audioPlay":false,"sceneViewState":{"m_AlwaysRefresh":false,"showFog":true,"showSkybox":true,"showFlares":true,"showImageEffects":true,"showParticleSystems":true,"showVisualEffectGraphs":true,"m_FxEnabled":true},"in2DMode":false,"pivot":{"x":2.610872268676758,"y":4.690969467163086,"z":-10.85080337524414},"rotation":{"x":-0.014092975296080113,"y":0.9748501777648926,"z":-0.057981617748737338,"w":-0.21524934470653535},"size":16.88477325439453,"orthographic":true}