{"cameraMode":{"drawMode":0,"name":"Shaded","section":"Shading Mode"},"sceneLighting":false,"audioPlay":false,"sceneViewState":{"m_AlwaysRefresh":false,"showFog":true,"showSkybox":true,"showFlares":true,"showImageEffects":true,"showParticleSystems":true,"showVisualEffectGraphs":true,"m_FxEnabled":true},"in2DMode":false,"pivot":{"x":5.418910026550293,"y":1.8035869598388672,"z":-4.842437744140625},"rotation":{"x":0.03452533483505249,"y":-0.9623019099235535,"z":0.22812218964099885,"w":0.14437033236026765},"size":21.912574768066408,"orthographic":true}