{"cameraMode":{"drawMode":0,"name":"Shaded","section":"Shading Mode"},"sceneLighting":false,"audioPlay":false,"sceneViewState":{"m_AlwaysRefresh":false,"showFog":true,"showSkybox":false,"showFlares":true,"showImageEffects":true,"showParticleSystems":true,"showVisualEffectGraphs":true,"m_FxEnabled":true},"in2DMode":false,"pivot":{"x":-0.0308113694190979,"y":0.10542148351669312,"z":0.022134363651275636},"rotation":{"x":0.05380098149180412,"y":-0.8343950510025024,"z":0.08076915144920349,"w":0.5427372455596924},"size":1.07587468624115,"orthographic":true}